code,year,quarter,pubDate,statDate,roeAvg,npMargin,gpMargin,netProfit,epsTTM,MBRevenue,totalShare,liqaShare
sh.600000,2022,4.0,2023-04-19,2022-12-31,0.074818,0.2756679999999999,,51997000000.0,1.7433459999999998,337286000000.0,29352174170.0,29352174170.0
sh.600009,2022,4.0,2023-04-29,2022-12-31,-0.089252,-0.50908,-0.6241300000000001,-2789984707.95,-1.203525,5480447621.36,2488481340.0,1093476397.0
sh.600009,2021,4.0,2022-04-16,2021-12-31,-0.0603289999999999,-0.435192,-0.630203,-1622306496.99,-0.8878959999999999,3727797262.22,1926958448.0,1093476397.0
sh.600009,2020,4.0,2021-03-27,2020-12-31,-0.04138,-0.271545,-0.533813,-1168584582.18,-0.6573319999999999,4303465087.94,1926958448.0,1093476397.0
sh.600000,2021,4.0,2022-04-28,2021-12-31,0.081032,0.281524,,53766000000.0,1.805761,,29352168006.0,29352168006.0
sh.600000,2020,4.0,2021-03-27,2020-12-31,0.097856,0.300396,,58993000000.0,1.987078,,29352140893.0,29352140893.0
sh.600009,2019,4.0,2020-03-28,2019-12-31,0.166977,0.480678,0.512071,5260864459.79,2.61044,10944668477.76,1926958448.0,1093476397.0
sh.600000,2019,4.0,2020-04-25,2019-12-31,0.114901,0.312059,,59506000000.0,2.007047,190688000000.0,29352080397.0,28103763899.0
sh.600028,2022,4.0,2023-03-27,2022-12-31,0.084966,0.022831,0.150325,75758000000.0,0.552994,3318168000000.0,119896407646.0,95115471046.0
sh.600028,2021,4.0,2022-03-28,2021-12-31,0.093845,0.031023,0.191301,85030000000.0,0.58815,2740884000000.0,121071209646.0,95557771046.0
sh.600028,2020,4.0,2021-03-29,2020-12-31,0.044443,0.019824,0.198285,41750000000.0,0.271939,2105984.0,121071209646.0,95557771046.0
sh.600010,2019,4.0,2020-04-30,2019-12-31,0.012701,0.014103,0.1286119999999999,894067783.85,0.014652,63397466567.38,45585032648.0,31677211587.0
sh.600010,2020,4.0,2021-04-30,2020-12-31,0.007696,0.011164,0.096658,661660233.36,0.008906,59266130291.07,45585032648.0,31677211587.0
sh.600010,2021,4.0,2022-04-15,2021-12-31,0.0530529999999999,0.036754,0.111824,3167565113.97,0.0628809999999999,86183145818.41,45585032648.0,31677211587.0
sh.600010,2022,4.0,2023-04-22,2022-12-31,-0.013556,-0.020021,0.0773269999999999,-1444940538.04,-0.016013,72171753910.7,45585032648.0,31677211587.0
sh.600011,2019,4.0,2020-04-01,2019-12-31,0.0185539999999999,0.0137069999999999,0.145906,2377913891.0,0.107431,165159547077.0,15698093359.0,10997709919.0
sh.600011,2020,4.0,2021-03-24,2020-12-31,0.041451,0.033662,0.174445,5703720485.0,0.290799,161787916193.0,15698093359.0,10997709919.0
sh.600011,2021,4.0,2022-03-23,2021-12-31,-0.0904529999999999,-0.0619409999999999,-0.003304,-12673425475.0,-0.6538609999999999,193952872685.0,15698093359.0,10997709919.0
sh.600011,2022,4.0,2023-03-22,2022-12-31,-0.069106,-0.040875,0.0304149999999999,-10084887416.0,-0.470574,235497167816.0,15698093359.0,10997709919.0
sh.600015,2019,4.0,2020-04-17,2019-12-31,0.09038,0.260993,,22115000000.0,1.423584,84734000000.0,15387223983.0,12822686653.0
sh.600015,2020,4.0,2021-04-30,2020-12-31,0.0776179999999999,0.226296,,21568000000.0,1.382641,,15387223983.0,12822686653.0
sh.600015,2021,4.0,2022-04-30,2021-12-31,0.081309,0.249327,,23903000000.0,1.529516,95870000000.0,15387223983.0,12822686653.0
sh.600015,2022,4.0,2023-04-28,2022-12-31,0.080921,0.271725,,25490000000.0,1.573051,165624000000.0,15914928468.0,12822686653.0
sh.600016,2019,4.0,2020-03-31,2019-12-31,0.11464,0.304388,,54924000000.0,1.2292379999999998,180441000000.0,43782418502.0,35462123213.0
sh.600016,2020,4.0,2021-03-31,2020-12-31,0.065451,0.189791,,35102000000.0,0.783625,184951000000.0,43782418502.0,35462123213.0
sh.600016,2021,4.0,2022-03-30,2021-12-31,0.062295,0.20647,,34853000000.0,0.78527,168804000000.0,43782418502.0,35462123213.0
sh.600016,2022,4.0,2023-03-28,2022-12-31,0.060073,0.251109,,35777000000.0,0.805552,142476000000.0,43782418502.0,35462123213.0
sh.600018,2019,4.0,2020-04-10,2019-12-31,0.115,0.274942,0.3070739999999999,9925845382.34,0.391059,35100294381.47,,
sh.600018,2020,4.0,2021-03-30,2020-12-31,0.097976,0.351592,0.3633659999999999,9183403328.66,0.358473,25197614382.47,23173674650.0,23173674650.0
sh.600018,2021,4.0,2022-03-30,2021-12-31,0.156769,0.451482,0.4071099999999999,15480719994.16,0.630708,33282263788.66,23278679750.0,23173674650.0
sh.600018,2022,4.0,2023-04-04,2022-12-31,0.162399,0.4804239999999999,0.378065,17910112648.83,0.739727,36194591096.4,23284144750.0,23173674650.0
sh.600019,2019,4.0,2020-04-29,2019-12-31,0.070026,0.046191,0.108791,13469014497.36,0.5577340000000001,291593978707.95,22274460375.0,22101086925.0
sh.600019,2020,4.0,2021-04-27,2020-12-31,0.0699549999999999,0.049301,0.10835,13985383322.76,0.569245,284465000000.0,22269447650.0,22155982625.0
sh.600019,2021,4.0,2022-04-29,2021-12-31,0.125935,0.072609,0.132568,26455020746.38,1.061234,365495000000.0,22268411550.0,22212353437.0
sh.600019,2022,4.0,2023-04-28,2022-12-31,0.063217,0.038145,0.05842,14028915936.76,0.547276,369163000000.0,22268189984.0,21890910819.0
sh.600025,2019,4.0,2020-04-25,2019-12-31,0.111719,0.2853969999999999,0.560844,5936517593.42,0.308031,20763921840.38,18000000000.0,8928000000.0
sh.600025,2020,4.0,2021-04-23,2020-12-31,0.082914,0.274407,0.531671,5283265765.56,0.268588,19219530957.26,18000000000.0,18000000000.0
sh.600025,2021,4.0,2022-04-23,2021-12-31,0.092675,0.3109,0.5462859999999999,6280685175.79,0.324308,20172490104.59,18000000000.0,18000000000.0
sh.600025,2022,4.0,2023-04-22,2022-12-31,0.102966,0.344161,0.564268,7276147666.08,0.377848,21100880177.05,18000000000.0,18000000000.0
sh.600028,2019,4.0,2020-03-30,2019-12-31,0.079026,0.024315,0.160927,72122000000.0,0.475679,2966193000000.0,121071209646.0,95557771046.0
sh.600029,2019,4.0,2020-03-31,2019-12-31,0.041144,0.020055,0.120877,3095000000.0,0.216105,151633000000.0,12267172286.0,8111520431.0
sh.600029,2020,4.0,2021-03-31,2020-12-31,-0.1627819999999999,-0.1277,-0.025302,-11820000000.0,-0.7072729999999999,90306000000.0,15329302395.0,8111520431.0
sh.600029,2021,4.0,2022-03-31,2021-12-31,-0.176735,-0.108329,-0.025432,-11011000000.0,-0.7141069999999999,101644000000.0,16948438028.0,10219858722.0
sh.600029,2022,4.0,2023-03-29,2022-12-31,-0.601474,-0.387071,-0.21598,-33698000000.0,-1.803554,87059000000.0,18120892710.0,10219889517.0
sh.600030,2019,4.0,2020-03-20,2019-12-31,0.0777,0.293197,,12648436451.78,1.009219,43139697642.01,12116908400.0,9814661700.0
sh.600030,2020,4.0,2021-03-19,2020-12-31,0.086809,0.285321,,15516541054.75,1.152826,54382730241.56,12926776029.0,9814661700.0
sh.600030,2021,4.0,2022-03-29,2021-12-31,0.118192,0.313695,,24005080909.5,1.786959,76523716526.93,12926776029.0,9814661700.0
sh.600030,2022,4.0,2023-03-31,2022-12-31,0.092225,0.34049,,22168787078.68,1.438369,65108507999.21,14820546829.0,11366683345.0
sh.600031,2019,4.0,2020-04-24,2019-12-31,0.295278,0.151911,0.326878,11494448000.0,1.329971,73925853000.0,8426246247.0,8421113690.0
sh.600031,2020,4.0,2021-03-31,2020-12-31,0.3056239999999999,0.159657,0.298183,15860689000.0,1.820069,96824664000.0,8478506732.0,8478506732.0
sh.600031,2021,4.0,2022-04-23,2021-12-31,0.2001339999999999,0.116156,0.25853,12325681000.0,1.416925,103560545000.0,8492587833.0,8492587833.0
sh.600031,2022,4.0,2023-04-01,2022-12-31,0.066422,0.055045,0.240175,4404585000.0,0.50308,78100550000.0,8493286021.0,8470899771.0
sh.600036,2019,4.0,2020-03-21,2019-12-31,0.1613089999999999,0.346392,,93423000000.0,3.682299,269703000000.0,25219845601.0,20628944429.0
sh.600036,2020,4.0,2021-03-20,2020-12-31,0.145825,0.337229,,97959000000.0,3.859738,290482000000.0,25219845601.0,20628944429.0
sh.600036,2021,4.0,2022-03-19,2021-12-31,0.151561,0.364779,,120834000000.0,4.755065,331253000000.0,25219845601.0,20628944429.0
sh.600036,2022,4.0,2023-03-25,2022-12-31,0.1529859999999999,0.404005,,139294000000.0,5.472357,344783000000.0,25219845601.0,20628944429.0
sh.600039,2019,4.0,2020-04-30,2019-12-31,0.1150119999999999,0.032197,0.109718,1697575703.98,0.471362,52566654729.47,3610525510.0,3457072825.0
sh.600039,2020,4.0,2021-04-20,2020-12-31,0.158343,0.049869,0.1479589999999999,3045472105.98,0.633213,60970638195.26,4777570289.0,3610525510.0
sh.600039,2021,4.0,2022-03-30,2021-12-31,0.224344,0.066952,0.161441,5694198464.88,1.168914,84723311167.92,4775430289.0,3647547110.0
sh.600039,2022,4.0,2023-03-31,2022-12-31,0.325278,0.084097,0.170539,11365834607.23,1.8008830000000002,134832251763.87,6226336775.0,4742356089.0
sh.600048,2019,4.0,2020-04-16,2019-12-31,0.201184,0.159172,0.349607,37553966244.68,2.343064,235037758091.4,11932675162.0,11932675162.0
sh.600048,2020,4.0,2021-04-20,2020-12-31,0.172182,0.164743,0.3255679999999999,40048207579.36,2.4188970000000003,241807918071.51,11967615691.0,11967615691.0
sh.600048,2021,4.0,2022-04-19,2021-12-31,0.145761,0.13052,0.26779,37189475817.22,2.288019,283856020349.35,11970107583.0,11970107583.0
sh.600048,2022,4.0,2023-03-31,2022-12-31,0.093648,0.096119,0.219876,27011095332.08,1.532677,280080185144.85,11970443418.0,11970443418.0
sh.600050,2019,4.0,2020-03-24,2019-12-31,0.03515,0.038773,0.262918,11264124299.0,0.16058,290514554553.0,31025507687.0,21196596395.0
sh.600050,2020,4.0,2021-03-12,2020-12-31,0.037942,0.041222,0.260991,12524922876.0,0.178017,303838000000.0,31015595487.0,30537265087.0
sh.600050,2021,4.0,2022-03-12,2021-12-31,0.042472,0.0439709999999999,0.245517,14416186638.0,0.203459,327854000000.0,30991393212.0,30755644212.0
sh.600050,2022,4.0,2023-03-09,2022-12-31,0.048088,0.046912,0.242469,16651299177.0,0.229512,354944000000.0,31804436237.0,30962411937.0
sh.600061,2019,4.0,2020-03-27,2019-12-31,0.078624,5.238841000000002,0.046866,3500086436.08,0.702014,11267404539.83,4227129727.0,4173831926.0
sh.600061,2020,4.0,2021-04-02,2020-12-31,0.097993,4.904166,0.05295,4706347517.22,0.981356,14383823506.81,4227129727.0,4227129727.0
sh.600061,2021,4.0,2022-03-31,2021-12-31,0.100888,4.456413,0.003177,5308187406.33,0.745929,15527995652.28,6425301287.0,6425301287.0
sh.600061,2022,4.0,2023-03-25,2022-12-31,0.058459,1.791211,0.005357,3468864800.21,0.4578029999999999,12887387355.94,6425306159.0,6425306159.0
sh.600085,2019,4.0,2020-04-03,2019-12-31,0.106557,0.117616,0.4676439999999999,1561601328.39,0.718525,13277123199.46,1371470262.0,1371470262.0
sh.600085,2020,4.0,2021-03-30,2020-12-31,0.108193,0.126024,0.4704399999999999,1616363305.19,0.752069,14968892200.0,1371470262.0,1371470262.0
sh.600085,2021,4.0,2022-03-26,2021-12-31,0.119945,0.129477,0.476243,1890760459.07,0.894932,17116867700.0,1371470262.0,1371470262.0
sh.600085,2022,4.0,2023-03-28,2022-12-31,0.127071,0.143074,0.4880359999999999,2199390811.72,1.039623,18320371800.0,1371470262.0,1371470262.0
sh.600089,2019,4.0,2020-04-14,2019-12-31,0.0597409999999999,0.064639,0.206115,2390350344.93,0.543417,36176573832.72,3714312789.0,3714312789.0
sh.600089,2020,4.0,2021-04-15,2020-12-31,0.068618,0.072489,0.206098,3196437364.1,0.6695369999999999,43370178213.23,3714312789.0,3714312789.0
sh.600089,2021,4.0,2022-04-12,2021-12-31,0.1774,0.160148,0.302709,9813620784.13,1.914927,60346835293.45,3788550289.0,3788550289.0
sh.600089,2022,4.0,2023-04-25,2022-12-31,0.311781,0.238332,0.385907,22852908003.39,4.087803,94172930668.45,3885465706.0,3885465706.0
sh.600104,2019,4.0,2020-04-14,2019-12-31,0.1057839999999999,0.042695,0.1215079999999999,35288906907.63,2.191421,843324372577.26,11683461365.0,11503432857.0
sh.600104,2020,4.0,2021-03-26,2020-12-31,0.080152,0.040368,0.107591,29188050869.17,1.748714,742132450370.73,11683461365.0,11683461365.0
sh.600104,2021,4.0,2022-04-30,2021-12-31,0.091905,0.0446649999999999,0.09629,33941758857.55,2.099814,779845786393.56,11683461365.0,11683461365.0
sh.600104,2022,4.0,2023-04-29,2022-12-31,0.0582909999999999,0.031682,0.0961,22842652824.11,1.379518,744062883284.0399,11683461365.0,11683461365.0
sh.600111,2019,4.0,2020-04-28,2019-12-31,0.065528,0.035393,0.114002,640323241.95,0.1696349999999999,17991615747.69,3633066000.0,3633066000.0
sh.600111,2020,4.0,2021-04-15,2020-12-31,0.0829559999999999,0.04265,0.117372,906146027.51,0.229179,21158091363.96,3633066000.0,3633066000.0
sh.600111,2021,4.0,2022-04-15,2021-12-31,0.398066,0.184486,0.278367,5609931567.42,1.412042,30061067957.06,3633066000.0,3633066000.0
sh.600111,2022,4.0,2023-04-22,2022-12-31,0.340184,0.1706349999999999,0.277902,6357871497.91,1.655197,37090072244.66,3615065842.0,3615065842.0
sh.600115,2019,4.0,2020-04-01,2019-12-31,0.05215,0.028818,0.113023,3483000000.0,0.1950609999999999,116602000000.0,16379509203.0,9808485682.0
sh.600115,2020,4.0,2021-03-31,2020-12-31,-0.195989,-0.21409,-0.2074389999999999,-12554000000.0,-0.722549,56229000000.0,16379509203.0,9808485682.0
sh.600115,2021,4.0,2022-03-31,2021-12-31,-0.231809,-0.197894,-0.192382,-13284000000.0,-0.647119,64529000000.0,18874440078.0,9808485682.0
sh.600115,2022,4.0,2023-03-31,2022-12-31,-0.929387,-0.865303,-0.6178140000000001,-39900000000.0,-1.9807740000000005,46111000000.0,18874440078.0,11202731426.0
sh.600132,2019,4.0,2020-04-18,2019-12-31,0.5124770000000001,0.203393,0.416882,728536930.17,1.357369,3508757943.97,483971198.0,483971198.0
sh.600132,2020,4.0,2021-04-28,2020-12-31,1.074686,0.160151,0.506073,1752317095.65,2.225005,10625459201.54,483971198.0,483971198.0
sh.600132,2021,4.0,2022-04-02,2021-12-31,0.99686,0.182872,0.5093979999999999,2399156196.28,2.409737,12835328224.79,483971198.0,483971198.0
sh.600132,2022,4.0,2023-04-28,2022-12-31,0.663188,0.184265,0.504779,2586899641.43,2.610909,13696216606.6,483971198.0,483971198.0
sh.600150,2019,4.0,2020-04-18,2019-12-31,0.026532,0.022323,0.1057319999999999,516465949.32,0.293703,22841607800.0,1378117598.0,1378117598.0
sh.600150,2020,4.0,2021-04-28,2020-12-31,0.009995,0.004631,0.1071299999999999,255855389.65,0.068375,53955047600.0,4472428758.0,1378117598.0
sh.600150,2021,4.0,2022-04-29,2021-12-31,0.004657,0.003881,0.1059869999999999,231872370.63,0.047807,58566929700.0,4472428758.0,2443307764.0
sh.600150,2022,4.0,2023-04-28,2022-12-31,0.0037359999999999,0.014649,0.075991,872452235.06,0.038429,58444404300.0,4472428758.0,2443307764.0
sh.600176,2019,4.0,2020-03-23,2019-12-31,0.142471,0.2014099999999999,0.354568,2113459262.37,0.607847,10339187239.1,3502306849.0,3502306849.0
sh.600176,2020,4.0,2021-03-20,2020-12-31,0.146063,0.20656,0.337843,2409764398.73,0.689863,11460634470.73,3502306849.0,3502306849.0
sh.600176,2021,4.0,2022-03-19,2021-12-31,0.301392,0.311471,0.4531229999999999,6138128995.81,1.505938,18789283695.54,4003136728.0,4003136728.0
sh.600176,2022,4.0,2023-03-21,2022-12-31,0.26353,0.3377679999999999,0.35598,6820295007.44,1.651209,17559592016.57,4003136728.0,4003136728.0
sh.600183,2019,4.0,2020-03-25,2019-12-31,0.190172,0.118071,0.266469,1563393933.92,0.636487,13043935908.03,2276191340.0,2276191340.0
sh.600183,2020,4.0,2021-03-30,2020-12-31,0.179513,0.122568,0.267773,1800202825.79,0.733585,14407270761.49,2290820090.0,2290820090.0
sh.600183,2021,4.0,2022-03-29,2021-12-31,0.246215,0.144252,0.268182,2924600543.54,1.224126,19697238339.79,2311595684.0,2311595684.0
sh.600183,2022,4.0,2023-03-29,2022-12-31,0.115121,0.0905789999999999,0.220336,1631733421.57,0.657714,17706247715.5,2327439904.0,2327439904.0
sh.600188,2019,4.0,2020-04-23,2019-12-31,0.139485,0.055369,0.139106,11109660000.0,1.764625,67804645000.0,4912016000.0,2959879500.0
sh.600188,2020,4.0,2021-03-27,2020-12-31,0.1213119999999999,0.031804,0.132195,6837681000.0,1.465357,82325000000.0,4860000000.0,2959957200.0
sh.600188,2021,4.0,2022-03-31,2021-12-31,0.265876,0.1221569999999999,0.2938,18566775000.0,3.335719,108616000000.0,4874184060.0,2974184060.0
sh.600188,2022,4.0,2023-03-25,2022-12-31,0.377772,0.196377,0.409401,39438346000.0,6.218519000000001,154603000000.0,4948703640.0,2986963640.0
sh.600196,2019,4.0,2020-03-31,2019-12-31,0.110969,0.13096,0.596174,3743521280.96,1.296039,28585152033.18,2562898545.0,2010958045.0
sh.600196,2020,4.0,2021-03-30,2020-12-31,0.106348,0.130002,0.556829,3939979772.17,1.429168,30269000000.0,2562898545.0,2010958045.0
sh.600196,2021,4.0,2022-03-23,2021-12-31,0.124306,0.127866,0.4813939999999999,4987438072.29,1.847623,38960000000.0,2562898545.0,2010958045.0
sh.600196,2022,4.0,2023-03-28,2022-12-31,0.089068,0.089814,0.472836,3947464120.11,1.396177,43841000000.0,2672156611.0,2010958045.0
sh.600219,2019,4.0,2020-04-11,2019-12-31,0.041857,0.080723,0.215058,1736280868.26,0.135787,21065302703.97,11950481520.0,9787339527.0
sh.600219,2020,4.0,2021-04-16,2020-12-31,0.051433,0.099605,0.2371739999999999,2221098709.19,0.171495,21786518471.1,11950481520.0,11950481520.0
sh.600219,2021,4.0,2022-03-31,2021-12-31,0.08194,0.129486,0.246313,3719485259.14,0.285413,27963978521.53,11950481520.0,11950481520.0
sh.600219,2022,4.0,2023-04-29,2022-12-31,0.079926,0.112839,0.20906,3943844876.72,0.300253,34380266005.21,11708552848.0,11708552848.0
sh.600233,2019,4.0,2020-04-29,2019-12-31,0.136736,0.053956,0.120053,1680785199.36,0.586614,30692987972.84,2842930394.0,2835759286.0
sh.600233,2020,4.0,2021-04-28,2020-12-31,0.117693,0.052932,0.090369,1847701089.26,0.559129,34157911600.0,3159830675.0,3157644396.0
sh.600233,2021,4.0,2022-04-27,2021-12-31,0.105877,0.048444,0.082267,2187496010.7,0.612341,44108318600.0,3435027509.0,3165084490.0
sh.600233,2022,4.0,2023-04-26,2022-12-31,0.15909,0.074041,0.112997,3964127626.68,1.139002,52476870300.0,3441322995.0,3441322995.0
sh.600276,2019,4.0,2020-03-23,2019-12-31,0.239443,0.228715,0.87492,5326451772.09,1.204669,23246797137.71,4422814197.0,4403915003.0
sh.600276,2020,4.0,2021-04-20,2020-12-31,0.228959,0.227474,0.879259,6308893128.7,1.186932,27612687144.38,5331717041.0,5295737921.0
sh.600276,2021,4.0,2022-04-23,2021-12-31,0.138312,0.173092,0.85556,4484026883.93,0.708288,25780303197.97,6396011914.0,6379002274.0
sh.600276,2022,4.0,2023-04-22,2022-12-31,0.107277,0.17932,0.836118,3815070903.04,0.612369,21213025401.29,6379002274.0,6379002274.0
sh.600309,2019,4.0,2020-03-31,2019-12-31,0.266079,0.155668,0.279983,10593318819.77,3.22637,67289481964.89,3139746626.0,1423756420.0
sh.600309,2020,4.0,2021-03-16,2020-12-31,0.220341,0.141829,0.267823,10414918896.6,3.198165,72279555310.64,3139746626.0,1423756420.0
sh.600309,2021,4.0,2022-03-15,2021-12-31,0.420344,0.172048,0.262621,25039430673.89,7.850553,144900592461.86,3139746626.0,1423756420.0
sh.600309,2022,4.0,2023-03-21,2022-12-31,0.223384,0.102932,0.165694,17041906850.02,5.170362,164508009512.09,3139746626.0,3139746626.0
sh.600332,2019,4.0,2020-04-01,2019-12-31,0.139041,0.052982,0.198157,3441287198.23,1.961436,64682984312.0,1625790949.0,1405890949.0
sh.600332,2020,4.0,2021-03-19,2020-12-31,0.115846,0.050129,0.169284,3091627839.46,1.793124,61450355469.37,1625790949.0,1405890949.0
sh.600332,2021,4.0,2022-03-19,2021-12-31,0.134761,0.05751,0.191748,3968985718.97,2.288042,68757954215.27,1625790949.0,1405890949.0
sh.600332,2022,4.0,2023-03-18,2022-12-31,0.129779,0.060086,0.187563,4253370333.98,2.439749,70550190409.59,1625790949.0,1405890949.0
sh.600346,2019,4.0,2020-04-17,2019-12-31,0.313676,0.100339,0.207542,10112373525.77,1.424213,100068119180.82,7039099786.0,4631935609.0
sh.600346,2020,4.0,2021-04-13,2020-12-31,0.323453,0.088564,0.185446,13494793511.4,1.91243,150914728000.0,7039099786.0,4631935609.0
sh.600346,2021,4.0,2022-04-07,2021-12-31,0.298283,0.078487,0.153822,15538178030.29,2.206401,197217862600.0,7039099786.0,7039099786.0
sh.600346,2022,4.0,2023-04-28,2022-12-31,0.042115,0.010426,0.08207,2318036950.22,0.329347,221683819000.0,7039099786.0,7039099786.0
sh.600362,2019,4.0,2020-03-31,2019-12-31,0.048119,0.009063,0.038245,2178388562.0,0.712273,239586769116.0,3462729405.0,2075247405.0
sh.600362,2020,4.0,2021-03-30,2020-12-31,0.041194,0.007671,0.035464,2443811751.0,0.670106,317525389261.0,3462729405.0,2075247405.0
sh.600362,2021,4.0,2022-03-26,2021-12-31,0.086895,0.013357,0.039626,5913928215.0,1.627493,441192286276.0,3462729405.0,2075247405.0
sh.600362,2022,4.0,2023-03-25,2022-12-31,0.083646,0.012687,0.029855,6088834189.0,1.730994,478328390336.0,3462729405.0,2075247405.0
sh.600383,2019,4.0,2020-04-23,2019-12-31,0.200413,0.245149,0.405039,15465018513.3,2.23171,62926967073.79,4514583572.0,4514583572.0
sh.600383,2020,4.0,2021-04-17,2020-12-31,0.186387,0.182181,0.328579,15240631975.52,2.303155,82287472342.02,4514583572.0,4514583572.0
sh.600383,2021,4.0,2022-04-25,2021-12-31,0.156227,0.130905,0.211794,12951092429.31,2.08425,97106935647.53,4514583572.0,4514583572.0
sh.600383,2022,4.0,2023-04-29,2022-12-31,0.09527,0.076364,0.206572,9166435470.97,1.352791,119499013868.09,4514583572.0,4514583572.0
sh.600406,2019,4.0,2020-04-30,2019-12-31,0.148972,0.143732,0.287881,4660293262.22,0.939628,32332401614.96,4622115125.0,2934898892.0
sh.600406,2020,4.0,2021-04-23,2020-12-31,0.150043,0.135359,0.268047,5211653369.9,1.049723,38399511673.99,4621735487.0,4583664125.0
sh.600406,2021,4.0,2022-04-29,2021-12-31,0.156425,0.142482,0.268782,6042805375.13,1.017494,42310688395.91,5545436888.0,5511827332.0
sh.600406,2022,4.0,2023-04-28,2022-12-31,0.160227,0.147446,0.270437,6904736373.07,0.962857,46739417653.18,6694849118.0,6627623212.0
sh.600426,2019,4.0,2020-03-27,2019-12-31,0.186548,0.172865,0.278425,2453030877.47,1.508017,13846182188.45,1626659750.0,1620329750.0
sh.600426,2020,4.0,2021-03-27,2020-12-31,0.121104,0.137131,0.213688,1798473835.79,1.105564,12835658979.72,1626659750.0,1620329750.0
sh.600426,2021,4.0,2022-03-30,2021-12-31,0.384587,0.272329,0.354916,7253714554.55,3.434877,26316909688.18,2111914669.0,2109171597.0
sh.600426,2022,4.0,2023-03-30,2022-12-31,0.255775,0.207884,0.289445,6287522851.21,2.962047,29347106580.3,2123319999.0,2109171597.0
sh.600436,2019,4.0,2020-04-25,2019-12-31,0.235988,0.242375,0.442364,1386935598.45,2.278034,5705937300.0,603317210.0,603317210.0
sh.600436,2020,4.0,2021-04-24,2020-12-31,0.230657,0.25947,0.451593,1689355251.86,2.770547,6492504700.0,603317210.0,603317210.0
sh.600436,2021,4.0,2022-04-16,2021-12-31,0.276818,0.307175,0.507205,2464020950.98,4.030143,8004263700.0,603317210.0,603317210.0
sh.600436,2022,4.0,2023-04-15,2022-12-31,0.23507,0.290197,0.456424,2522977110.59,4.097918,8674478080.41,603317210.0,603317210.0
sh.600438,2019,4.0,2020-04-21,2019-12-31,0.163057,0.071424,0.186902,2682335991.14,0.678559,36427626635.92,3882594596.0,3882594596.0
sh.600438,2020,4.0,2021-04-13,2020-12-31,0.14996,0.084043,0.170856,3714738791.09,0.801485,43433643659.03,4501548184.0,4287855684.0
sh.600438,2021,4.0,2022-04-26,2021-12-31,0.241253,0.137692,0.276779,8742219670.84,1.823355,62770969084.94,4501548184.0,4501548184.0
sh.600438,2022,4.0,2023-04-25,2022-12-31,0.523428,0.227302,0.381699,32372885540.81,5.714517,141472384388.51,4501946097.0,4501946097.0
sh.600460,2019,4.0,2020-04-23,2019-12-31,0.00427,-0.034499,0.194745,-107311200.83,0.011076,3038964493.55,1312061614.0,1312061614.0
sh.600460,2020,4.0,2021-03-13,2020-12-31,0.019803,-0.005288,0.225006,-22636636.57,0.05152,4096047774.75,1312061614.0,1312061614.0
sh.600460,2021,4.0,2022-03-29,2021-12-31,0.307901,0.211005,0.331894,1518001610.94,1.071786,6933175027.47,1416071845.0,1312061614.0
sh.600460,2022,4.0,2023-03-31,2022-12-31,0.152699,0.126482,0.294481,1047545556.65,0.743194,8085019548.14,1416071845.0,1416071845.0
sh.600519,2019,4.0,2020-04-22,2019-12-31,0.331177,0.514693,0.913028,43970000792.51,32.802534,85344568341.23,1256197800.0,1256197800.0
sh.600519,2020,4.0,2021-03-31,2020-12-31,0.314108,0.521763,0.914092,49523329882.4,37.173513,94821999102.45,1256197800.0,1256197800.0
sh.600519,2021,4.0,2022-03-31,2021-12-31,0.299036,0.524724,0.915403,55720529956.46,41.761054,106059290342.18,1256197800.0,1256197800.0
sh.600519,2022,4.0,2023-03-31,2022-12-31,0.324077,0.526795,0.918667,65375136766.75,49.925612,123772332348.71,1256197800.0,1256197800.0
sh.600547,2019,4.0,2020-04-17,2019-12-31,0.05765,0.022695,0.096519,1421386030.72,0.416009,62463584966.16,3099611632.0,2196496472.0
sh.600547,2020,4.0,2021-03-31,2020-12-31,0.087026,0.039916,0.123257,2541184558.63,0.523229,63488269184.23,4313946766.0,3290443133.0
sh.600547,2021,4.0,2022-03-29,2021-12-31,-0.006681,-0.005758,0.105618,-195411381.3,-0.043297,33643078176.54,4473429525.0,3614443347.0
sh.600547,2022,4.0,2023-03-30,2022-12-31,0.040126,0.028296,0.141012,1423431829.4,0.278502,50072441167.82,4473429525.0,3614443347.0
sh.600570,2019,4.0,2020-04-25,2019-12-31,0.369651,0.365566,0.967773,1415412472.29,1.762877,3866228617.07,803146734.0,803146734.0
sh.600570,2020,4.0,2021-04-27,2020-12-31,0.292646,0.326688,0.770911,1363152354.21,1.26592,4167541269.62,1044090754.0,1044090754.0
sh.600570,2021,4.0,2022-03-31,2021-12-31,0.285595,0.271101,0.729904,1490128685.0,1.001354,5492012267.44,1461560480.0,1461560480.0
sh.600570,2022,4.0,2023-04-01,2022-12-31,0.174479,0.172217,0.735643,1119819797.15,0.574255,6497599111.75,1900006442.0,1900006442.0
sh.600584,2019,4.0,2020-04-30,2019-12-31,0.007116,0.004108,0.111839,96647730.61,0.055315,23445816943.09,1602874555.0,984570000.0
sh.600584,2020,4.0,2021-04-29,2020-12-31,0.100233,0.049349,0.15455,1305983885.08,0.813782,26346704875.78,1602874555.0,1359844003.0
sh.600584,2021,4.0,2022-03-31,2021-12-31,0.172064,0.09705,0.184089,2960259419.44,1.662616,30345151906.49,1779553000.0,1779553000.0
sh.600584,2022,4.0,2023-03-31,2022-12-31,0.141605,0.095699,0.170364,3230988205.53,1.815618,33631678717.08,1779553000.0,1779553000.0
sh.600585,2019,4.0,2020-03-21,2019-12-31,0.268688,0.21876,0.332867,34352006686.0,6.33909,148114262587.0,5299302579.0,3999702579.0
sh.600585,2020,4.0,2021-03-26,2020-12-31,0.234837,0.206364,0.291615,36370179229.0,6.629116,147953689000.0,5299302579.0,3999702579.0
sh.600585,2021,4.0,2022-03-26,2021-12-31,0.192569,0.203425,0.296342,34165836022.0,6.277632,148224490000.0,5299302579.0,3999702579.0
sh.600585,2022,4.0,2023-03-28,2022-12-31,0.085269,0.122252,0.213029,16139906496.0,2.955247,132021553710.0,5299302579.0,3999702579.0
sh.600588,2019,4.0,2020-03-28,2019-12-31,0.172155,0.155272,0.654248,1321308989.0,0.472459,8216645764.0,2503898164.0,2492673206.0
sh.600588,2020,4.0,2021-03-27,2020-12-31,0.134361,0.123335,0.61047,1051381443.0,0.302283,8193794947.0,3270449192.0,3250701436.0
sh.600588,2021,4.0,2022-03-19,2021-12-31,0.097418,0.076398,0.612486,682370747.0,0.216387,8588794475.0,3270821345.0,3241404887.0
sh.600588,2022,4.0,2023-03-25,2022-12-31,0.02376,0.024272,0.563738,224797081.0,0.063831,9200574628.0,3433634418.0,3416873091.0
sh.600600,2019,4.0,2020-03-30,2019-12-31,0.099731,0.068937,0.38963,1929116393.0,1.37093,27983760363.0,1350982795.0,695913617.0
sh.600600,2020,4.0,2021-03-29,2020-12-31,0.110637,0.083825,0.404151,2326968805.0,1.613657,27337978000.0,1364182795.0,695913617.0
sh.600600,2021,4.0,2022-03-29,2021-12-31,0.144667,0.107941,0.367148,3256243870.0,2.312782,29672697265.0,1364354793.0,695913617.0
sh.600600,2022,4.0,2023-03-23,2022-12-31,0.153026,0.118263,0.368451,3804721478.0,2.719938,31697343000.0,1364232790.0,700273045.0
sh.600606,2019,4.0,2020-04-28,2019-12-31,0.197885,0.048969,0.154645,20950109568.84,1.211606,423553149859.84,12168154385.0,12168154385.0
sh.600606,2020,4.0,2021-04-27,2020-12-31,0.18326,0.046375,0.144117,21135659525.97,1.232543,450397607713.62,12168154385.0,12168154385.0
sh.600606,2021,4.0,2022-04-30,2021-12-31,0.070719,0.017349,0.116746,9442808520.98,0.483622,540497027574.95,12776562104.0,12776562104.0
sh.600606,2022,4.0,2023-04-29,2022-12-31,0.011184,0.010555,0.105023,4596802115.41,0.071871,428836339195.19,14054218314.0,14054218314.0
sh.600660,2019,4.0,2020-04-28,2019-12-31,0.139478,0.137329,0.374638,2898182172.0,1.155391,20765088255.0,2508617532.0,2002986332.0
sh.600660,2020,4.0,2021-03-30,2020-12-31,0.121065,0.130532,0.395064,2598450936.0,1.036737,19641289272.0,2508617532.0,2002986332.0
sh.600660,2021,4.0,2022-03-18,2021-12-31,0.131363,0.13316,0.359022,3142980793.0,1.205546,23261134069.0,2609743532.0,2002986332.0
sh.600660,2022,4.0,2023-03-17,2022-12-31,0.171965,0.169146,0.340346,4752795645.0,1.822246,27650978801.0,2609743532.0,2002986332.0
sh.600674,2019,4.0,2020-04-25,2019-12-31,0.113437,3.563881,0.503884,2987713781.77,0.669482,815804775.36,4402140480.0,4402140480.0
sh.600674,2020,4.0,2021-04-22,2020-12-31,0.113068,3.113117,0.465153,3209998367.37,0.718206,1015458826.8,4402146445.0,4402146445.0
sh.600674,2021,4.0,2022-04-21,2021-12-31,0.102839,2.482242,0.419095,3135899135.12,0.700699,1179194608.04,4406155440.0,4406155440.0
sh.600674,2022,4.0,2023-04-21,2022-12-31,0.108055,2.514978,0.38506,3572311798.95,0.788073,1303167127.89,4460581221.0,4460581221.0
sh.600690,2019,4.0,2020-04-30,2019-12-31,0.188021,0.061438,0.298331,12334392517.1,1.247232,199470697570.75,6579566627.0,6308552654.0
sh.600690,2020,4.0,2021-03-31,2020-12-31,0.154773,0.053988,0.296819,11322616277.28,0.983246,208593269178.46,9027846441.0,6308552654.0
sh.600690,2021,4.0,2022-03-31,2021-12-31,0.178235,0.058083,0.312334,13217067178.51,1.390302,226577061321.69,9398704530.0,6308552654.0
sh.600690,2022,4.0,2023-03-31,2022-12-31,0.169839,0.060498,0.31329,14732181618.53,1.557272,242431313231.23,9446598493.0,6308552654.0
sh.600741,2019,4.0,2020-04-11,2019-12-31,0.136372,0.059131,0.144617,8516294451.89,2.050025,144023626070.75,3152723984.0,3152723984.0
sh.600741,2020,4.0,2021-03-25,2020-12-31,0.105986,0.05224,0.152306,6978084049.14,1.713844,133577639721.75,3152723984.0,3152723984.0
sh.600741,2021,4.0,2022-04-29,2021-12-31,0.12674,0.057105,0.14376,7991487616.84,2.051857,131070790144.03,3152723984.0,3152723984.0
sh.600741,2022,4.0,2023-04-28,2022-12-31,0.140533,0.050934,0.142186,8061205060.98,2.284731,149553820884.65,3152723984.0,3152723984.0
sh.600745,2019,4.0,2020-04-22,2019-12-31,0.101159,0.033175,0.103227,1379335892.19,1.115237,41501826226.71,1124033709.0,637266387.0
sh.600745,2020,4.0,2021-04-30,2020-12-31,0.096134,0.047568,0.152085,2459606006.08,1.940116,51578479286.5,1244937731.0,819701190.0
sh.600745,2021,4.0,2022-04-26,2021-12-31,0.083225,0.047658,0.161738,2512916076.52,2.095587,52656644639.28,1246210166.0,936607734.0
sh.600745,2022,4.0,2023-04-29,2022-12-31,0.041948,0.023418,0.18156,1360096268.94,1.171239,55512641443.55,1246344564.0,1242806484.0
sh.600760,2019,4.0,2020-04-25,2019-12-31,0.106071,0.037059,0.088982,880550624.51,0.626816,23527804599.88,1400389285.0,398522095.0
sh.600760,2020,4.0,2021-03-30,2020-12-31,0.157162,0.054315,0.092339,1483666911.9,1.056991,27112908885.08,1400389285.0,1398274228.0
sh.600760,2021,4.0,2022-03-29,2021-12-31,0.157295,0.049767,0.097619,1696470620.07,0.864922,33795593592.26,1960544999.0,1959062237.0
sh.600760,2022,4.0,2023-04-18,2022-12-31,0.190097,0.055601,0.099477,2312888422.84,1.175661,41379702430.03,1960526295.0,1960526295.0
sh.600763,2019,4.0,2020-04-24,2019-12-31,0.298694,0.268063,0.460797,507770416.59,1.444215,1888157196.2,320640000.0,320640000.0
sh.600763,2020,4.0,2021-04-10,2020-12-31,0.250345,0.261014,0.451655,544961624.38,1.536382,2082622826.54,320640000.0,320640000.0
sh.600763,2021,4.0,2022-04-28,2021-12-31,0.279402,0.282714,0.460572,786150058.12,2.191887,2758494401.31,320640000.0,320640000.0
sh.600763,2022,4.0,2023-04-28,2022-12-31,0.177106,0.226468,0.408145,615678057.38,1.709921,2697403610.35,320640000.0,320640000.0
sh.600795,2019,4.0,2020-04-14,2019-12-31,0.035694,0.042188,0.175055,4919134935.11,0.095097,114482666334.48,19650397845.0,19650397845.0
sh.600795,2020,4.0,2021-04-20,2020-12-31,0.049264,0.066201,0.207866,7707170912.62,0.133997,113390740033.83,19650397845.0,19650397845.0
sh.600795,2021,4.0,2022-04-26,2021-12-31,-0.037367,-0.020322,0.072501,-3417847495.8,-0.103465,165151404256.3,17835619082.0,17835619082.0
sh.600795,2022,4.0,2023-04-15,2022-12-31,0.062174,0.035636,0.134841,6866435893.65,0.158372,189599438999.41,17835619082.0,17835619082.0
sh.600803,2019,4.0,2020-03-13,2019-12-31,0.134631,0.087407,0.175905,1183842625.47,0.979899,13335914873.47,1229355783.0,1229355783.0
sh.600803,2020,4.0,2021-03-23,2020-12-31,0.24099,0.088912,0.185205,7833070000.0,0.810375,87572920000.0,2599982463.0,1229355783.0
sh.600803,2021,4.0,2022-03-19,2021-12-31,0.357201,0.090843,0.167414,10530450000.0,1.441272,115413070000.0,2845853619.0,1432299755.0
sh.600803,2022,4.0,2023-03-25,2022-12-31,0.360609,0.071889,0.151525,11074070000.0,1.885946,153002140000.0,3098662607.0,1461281888.0
sh.600809,2019,4.0,2020-04-28,2019-12-31,0.283799,0.172858,0.719218,2053570996.59,2.22426,11745201865.4,871528266.0,865848266.0
sh.600809,2020,4.0,2021-04-27,2020-12-31,0.357553,0.222724,0.721546,3115861803.03,3.533143,13848044783.54,871528266.0,865848266.0
sh.600809,2021,4.0,2022-04-28,2021-12-31,0.425094,0.269875,0.749107,5389669218.87,4.355011,19808265065.53,1220114372.0,1215351572.0
sh.600809,2022,4.0,2023-04-28,2022-12-31,0.443079,0.31117,0.753569,8156973370.08,6.635544,26213860718.3,1220073422.0,1217713022.0
sh.600837,2019,4.0,2020-03-27,2019-12-31,0.078076,0.30616,,10540662761.47,0.827986,34428641199.44,11501700000.0,8092131180.0
sh.600837,2020,4.0,2021-03-31,2020-12-31,0.077809,0.314947,,12037229305.93,0.832458,38219828310.55,13064200000.0,8092131180.0
sh.600837,2021,4.0,2022-03-30,2021-12-31,0.08103,0.318197,,13747862423.59,0.981807,43205467448.92,13064200000.0,8482678055.0
sh.600837,2022,4.0,2023-03-31,2022-12-31,0.039944,0.200251,,5196150011.14,0.501014,25948187501.48,13064200000.0,8873381180.0
sh.600845,2019,4.0,2020-04-22,2019-12-31,0.128571,0.135037,0.300365,924872338.93,0.771102,6833561965.6,1140370252.0,833078779.0
sh.600845,2020,4.0,2021-04-13,2020-12-31,0.181308,0.142899,0.291312,1360078975.63,1.125652,9513073328.05,1155438821.0,836369810.0
sh.600845,2021,4.0,2022-03-29,2021-12-31,0.223171,0.162319,0.325194,1908767177.95,1.19649,11751729607.77,1520141976.0,1091524620.0
sh.600845,2022,4.0,2023-04-05,2022-12-31,0.230578,0.171203,0.330371,2251301169.25,1.106117,13140340671.88,1976180107.0,1437462400.0
sh.600884,2019,4.0,2020-04-27,2019-12-31,0.023951,0.043219,0.212041,375134644.3,0.240307,8497223356.06,1122764986.0,1122764986.0
sh.600884,2020,4.0,2021-04-06,2020-12-31,0.011391,0.024968,0.184187,205134014.62,0.084769,8107078733.6,1628009229.0,1628009229.0
sh.600884,2021,4.0,2022-04-20,2021-12-31,0.213151,0.172485,0.250266,3570326443.15,1.558479,20363499549.58,2142919938.0,1654517172.0
sh.600884,2022,4.0,2023-04-20,2022-12-31,0.128211,0.130193,0.240269,2825400899.99,1.188734,21348465802.78,2263973358.0,1757236492.0
sh.600886,2019,4.0,2020-04-18,2019-12-31,0.121819,0.205759,0.390771,8731062250.95,0.700773,42175739588.68,6786023347.0,6786023347.0
sh.600886,2020,4.0,2021-04-29,2020-12-31,0.125914,0.248629,0.448655,9776180134.06,0.791807,39166483200.0,6965873347.0,6965873347.0
sh.600886,2021,4.0,2022-04-29,2021-12-31,0.049388,0.118486,0.292581,5175672345.18,0.326916,43202839200.0,7454179797.0,6965873347.0
sh.600886,2022,4.0,2023-04-29,2022-12-31,0.076989,0.15211,0.32042,7679930285.85,0.54726,50085570000.0,7454179797.0,6965873347.0
sh.600887,2019,4.0,2020-04-29,2019-12-31,0.256585,0.077222,0.373489,6950726155.12,1.137358,89509018156.11,6096378858.0,5906591662.0
sh.600887,2020,4.0,2021-04-29,2020-12-31,0.250489,0.073546,0.359687,7098938695.41,1.163671,95345172652.74,6082624833.0,5930237087.0
sh.600887,2021,4.0,2022-04-28,2021-12-31,0.222939,0.079278,0.306211,8732025624.25,1.360115,108462499421.95,6400130918.0,5960286287.0
sh.600887,2022,4.0,2023-04-28,2022-12-31,0.192517,0.075944,0.322576,9318205866.77,1.473755,121148598078.45,6399345318.0,6307988972.0
sh.600893,2019,4.0,2020-04-18,2019-12-31,0.039094,0.043985,0.166868,1108876970.31,0.478881,24915484123.37,2249844450.0,1947726550.0
sh.600893,2020,4.0,2021-03-31,2020-12-31,0.035375,0.040725,0.149738,1166076840.43,0.429918,28265525306.12,2665594238.0,2108139305.0
sh.600893,2021,4.0,2022-04-09,2021-12-31,0.032293,0.036102,0.124937,1231146555.97,0.445536,33665213210.77,2665594238.0,2329032150.0
sh.600893,2022,4.0,2023-03-31,2022-12-31,0.033426,0.036444,0.10822,1351959130.67,0.475609,36570288817.04,2665594238.0,2469979835.0
sh.600900,2019,4.0,2020-04-30,2019-12-31,0.147703,0.432438,0.62511,21567447100.19,0.97925,49793366227.87,22000000000.0,22000000000.0
sh.600900,2020,4.0,2021-04-30,2020-12-31,0.16353,0.458718,0.633987,26506261798.82,1.156365,57225317818.15,22741859230.0,22741859230.0
sh.600900,2021,4.0,2022-04-30,2021-12-31,0.148779,0.475961,0.620584,26485443861.49,1.15527,54640088714.6,22741859230.0,22741859230.0
sh.600900,2022,4.0,2023-04-28,2022-12-31,0.116267,0.415849,0.572941,21649297506.43,0.936996,50840661616.18,22741859230.0,22741859230.0
sh.600905,2022,4.0,2023-04-29,2022-12-31,0.0981,0.352043,0.583986,8382902166.89,0.250021,23594235599.29,28619530000.0,8571000000.0
sh.600905,2021,4.0,2022-04-28,2021-12-31,0.1019,0.393061,0.584064,6086196984.23,0.197486,15158696562.39,28571000000.0,8571000000.0
sh.600905,2020,4.0,2021-04-26,2020-12-31,0.08984,0.348339,0.57688,3941435042.14,0.18055,11314998780.79,20000000000.0,
sh.600918,2022,4.0,2023-03-31,2022-12-31,0.015955,0.075436,,703403701.840000,0.084695,9324533356.020000,6968625756.00,2609069526.00
sh.600918,2021,4.0,2022-03-30,2021-12-31,0.092662,0.250909,,3299365955.940000,0.459202,13149669222.300000,6968625756.00,2609069526.00
sh.600918,2020,4.0,2021-04-24,2020-12-31,0.075171,0.249348,,2581305568.260000,0.362381,10352224019.840000,6968625756.00,696862576.00
sh.600918,2019,4.0,2020-04-28,2019-12-31,0.068598,0.236276,,2293997728.260000,0.358665,,6271763180.00,
sh.600919,2022,4.0,2023-04-26,2022-12-31,0.126658,0.373414,,26351988000.000000,1.718794,70570422000.000000,14769656700.00,14688054767.00
sh.600919,2021,4.0,2022-04-13,2021-12-31,0.106380,0.320038,,20409260000.000000,1.333437,63771353000.000000,14769628784.00,14679866951.00
sh.600919,2020,4.0,2021-04-29,2020-12-31,0.096939,0.300228,,15619743000.000000,1.020051,52026195000.000000,14769606643.00,14655364365.00
sh.600919,2019,4.0,2020-04-11,2019-12-31,0.114469,0.332632,,14959779000.000000,1.266283,44974014000.000000,11544499981.00,11405777258.00
sh.600926,2022,4.0,2023-04-26,2022-12-31,0.123824,0.354655,,11679330000.000000,1.969440,32931506000.000000,5930278337.00,5066821084.00
sh.600926,2021,4.0,2022-04-16,2021-12-31,0.108358,0.315420,,9261019000.000000,1.561656,29360874000.000000,5930255051.00,5060452059.00
sh.600926,2020,4.0,2021-04-28,2020-12-31,0.099527,0.287694,,7136450000.000000,1.203408,24805677000.000000,5930200432.00,5041360267.00
sh.600926,2019,4.0,2020-04-30,2019-12-31,0.110303,0.308384,,6602123000.000000,1.286913,21408739000.000000,5130200432.00,4686183095.00
sh.600941,2022,4.0,2023-03-24,2022-12-31,0.103127,0.134001,0.277827,125594000000.000000,5.872771,812100000000.000000,21362826764.00,480754867.00
sh.600941,2021,4.0,2022-03-24,2021-12-31,0.101491,0.136863,0.288064,116095000000.000000,5.437644,751409000000.000000,21321182897.00,470385000.00
sh.600958,2022,4.0,2023-03-31,2022-12-31,0.042548,0.160734,,3010331868.430000,0.354323,18728628979.840000,8496645292.00,7469482864.00
sh.600958,2021,4.0,2022-03-31,2021-12-31,0.086407,0.220478,,5373139220.060000,0.768053,24370394956.990000,6993655803.00,5966575803.00
sh.600958,2020,4.0,2021-03-31,2020-12-31,0.047701,0.117652,,2721763792.520000,0.389351,23797074071.780000,6993655803.00,5736575803.00
sh.600958,2019,4.0,2020-03-28,2019-12-31,0.046073,0.130103,,2478738856.260000,0.348184,19052097313.750000,6993655803.00,5677360540.00
sh.600989,2022,4.0,2023-03-10,2022-12-31,0.195231,0.221686,0.328723,6302502368.250000,0.859429,28256947081.940000,7333360000.00,2172890000.00
sh.600989,2021,4.0,2022-03-10,2021-12-31,0.249881,0.303453,0.422070,7070425862.770000,0.964145,23222257891.100000,7333360000.00,1994270000.00
sh.600989,2020,4.0,2021-03-11,2020-12-31,0.187717,0.290234,0.450984,4622768043.870000,0.630375,15876792122.270000,7333360000.00,1994270000.00
sh.600989,2019,4.0,2020-03-16,2019-12-31,0.205314,0.280205,0.439527,3801873303.620000,0.518435,13525350027.310000,7333360000.00,733360000.00
sh.600999,2022,4.0,2023-03-25,2022-12-31,0.070915,0.420371,,8079205609.600000,0.928223,19219229958.910000,8696526806.00,7422005272.00
sh.600999,2021,4.0,2022-03-28,2021-12-31,0.106718,0.396135,,11657807877.300000,1.339048,29429000000.000000,8696526806.00,7422005272.00
sh.600999,2020,4.0,2021-03-27,2020-12-31,0.099501,0.391465,,9503866922.670000,1.091429,24277000000.000000,8696526806.00,7422005272.00
sh.600999,2019,4.0,2020-03-28,2019-12-31,0.087861,0.390910,,7313282744.250000,1.087018,18708369944.730000,6699409329.00,5719008149.00
sh.601006,2022,4.0,2023-04-27,2022-12-31,0.088618,0.169658,0.199616,12852917905.000000,0.753097,74132643737.000000,14866945907.00,14866945907.00
sh.601006,2021,4.0,2022-04-28,2021-12-31,0.099306,0.175037,0.218264,13772260086.000000,0.819357,77065838119.000000,14866908025.00,14866908025.00
sh.601006,2020,4.0,2021-04-29,2020-12-31,0.092804,0.170033,0.194902,12297106356.000000,0.732889,70655174762.000000,14866791491.00,14866791491.00
sh.601006,2019,4.0,2020-04-29,2019-12-31,0.124054,0.189829,0.227895,15170593288.000000,0.919452,78044058291.000000,14866791491.00,14866791491.00
sh.601009,2022,4.0,2023-04-29,2022-12-31,0.132615,0.415724,,18543956000.000000,1.779635,44606440000.000000,10343718208.00,8818909159.00
sh.601009,2021,4.0,2022-04-16,2021-12-31,0.138951,0.390120,,15965742000.000000,1.584552,40925185000.000000,10007089247.00,8482280198.00
sh.601009,2020,4.0,2021-04-30,2020-12-31,0.135230,0.383292,,13210333000.000000,1.309170,34465476000.000000,10007016973.00,8482207924.00
sh.601009,2019,4.0,2020-04-30,2019-12-31,0.151237,0.387350,,12566501000.000000,1.468188,32442262000.000000,8482207924.00,8482207924.00
sh.601012,2022,4.0,2023-04-28,2022-12-31,0.270298,0.114442,0.153754,14762832083.830000,1.953605,128998111551.180000,7581665024.00,7578025229.00
sh.601012,2021,4.0,2022-04-28,2021-12-31,0.220121,0.112116,0.201929,9073810918.740000,1.678544,80932251148.680000,5412952708.00,5412832854.00
sh.601012,2020,4.0,2021-04-21,2020-12-31,0.272653,0.159384,0.246185,8699695922.450000,2.267469,54583183588.460000,3771768901.00,3771683291.00
sh.601012,2019,4.0,2020-04-23,2019-12-31,0.239542,0.168924,0.289022,5557163763.150000,1.399663,32897455384.240000,3772016757.00,3767549777.00
sh.601021,2022,4.0,2023-04-28,2022-12-31,-0.221270,-0.362748,-0.384919,-3035823226.000000,-3.102373,8195357494.000000,978548805.00,916462713.00
sh.601021,2021,4.0,2022-04-29,2021-12-31,0.002801,0.003434,-0.043534,37286589.000000,0.042677,10640054962.000000,916462713.00,916462713.00
sh.601021,2020,4.0,2021-04-30,2020-12-31,-0.040275,-0.063073,-0.064314,-591179147.000000,-0.642048,9167080438.000000,916462713.00,916462713.00
sh.601021,2019,4.0,2020-04-30,2019-12-31,0.129816,0.124173,0.114092,1838189982.000000,2.008238,14482689294.000000,916727713.00,916462713.00
sh.601066,2022,4.0,2023-03-31,2022-12-31,0.086758,0.272716,,7517457624.550000,0.967848,27565197901.590000,7756694797.00,3811362018.00
sh.601066,2021,4.0,2022-03-31,2021-12-31,0.138779,0.342630,,10235063596.230000,1.319983,22687197962.580000,7756694797.00,3811362018.00
sh.601066,2020,4.0,2021-04-01,2020-12-31,0.152987,0.408408,,9536685333.060000,1.225964,23350881646.490000,7756694797.00,1315000000.00
sh.601066,2019,4.0,2020-03-27,2019-12-31,0.105640,0.403825,,5529648447.750000,0.719515,13693187802.200000,7646385238.00,864375185.00
sh.601088,2022,4.0,2023-03-25,2022-12-31,0.180676,0.237002,0.390308,81655000000.000000,3.504338,423067000000.000000,19868519955.00,16491037955.00
sh.601088,2021,4.0,2022-03-26,2021-12-31,0.136403,0.177077,0.330426,59359000000.000000,2.530083,415970000000.000000,19868519955.00,16491037955.00
sh.601088,2020,4.0,2021-03-27,2020-12-31,0.110010,0.202625,0.404007,47265000000.000000,1.969369,292874000000.000000,19889620455.00,16491037955.00
sh.601088,2019,4.0,2020-03-28,2019-12-31,0.127264,0.213089,0.407147,51540000000.000000,2.174501,241871000000.000000,19889620455.00,16491037955.00
sh.601100,2022,4.0,2023-04-25,2022-12-31,0.214676,0.286561,0.405533,2348854639.270000,1.794694,8166568113.290000,1305360000.00,1305360000.00
sh.601100,2021,4.0,2022-04-26,2021-12-31,0.326311,0.289934,0.440131,2699058368.280000,2.063492,9295460946.240000,1305360000.00,1305360000.00
sh.601100,2020,4.0,2021-04-27,2020-12-31,0.349506,0.287872,0.440989,2261248560.350000,1.726631,7837923674.630000,1305360000.00,1305360000.00
sh.601100,2019,4.0,2020-04-30,2019-12-31,0.255899,0.239776,0.377653,1298150050.610000,1.469614,5391764704.430000,882000000.00,882000000.00
sh.601111,2022,4.0,2023-03-31,2022-12-31,-0.908570,-0.854026,-0.565521,-45175914000.000000,-2.658863,52897584000.000000,14524815185.00,9962131821.00
sh.601111,2021,4.0,2022-03-31,2021-12-31,-0.239484,-0.252636,-0.151773,-18829370000.000000,-1.145785,74531670000.000000,14524815185.00,9962131821.00
sh.601111,2020,4.0,2021-03-31,2020-12-31,-0.168444,-0.227646,-0.088158,-15822217000.000000,-0.992056,67303261000.000000,14524815185.00,9962131821.00
sh.601111,2019,4.0,2020-04-01,2019-12-31,0.068643,0.053253,0.168415,7252046000.000000,0.441216,136180690000.000000,14524815185.00,9448653003.00
sh.601117,2022,4.0,2023-03-28,2022-12-31,0.107138,0.036635,0.093372,5777952761.220000,0.886364,157253982719.770000,6109470588.00,5696569412.00
sh.601117,2021,4.0,2022-04-28,2021-12-31,0.107930,0.036447,0.094905,5003831512.000000,0.758400,136715662858.160000,6109470588.00,4933000000.00
sh.601117,2020,4.0,2021-04-29,2020-12-31,0.100513,0.035102,0.110176,3842161678.090000,0.741706,109030089137.990000,4933000000.00,4933000000.00
sh.601117,2019,4.0,2020-04-24,2019-12-31,0.090063,0.031724,0.107985,3287263412.450000,0.620597,103174519698.800000,4933000000.00,4933000000.00
sh.601138,2022,4.0,2023-03-15,2022-12-31,0.161778,0.039238,0.072623,20083889000.000000,1.010749,510534025000.000000,19859592893.00,19795496215.00
sh.601138,2021,4.0,2022-03-23,2021-12-31,0.179513,0.045557,0.083073,20024736000.000000,1.007283,438344873000.000000,19865070441.00,19742555075.00
sh.601138,2020,4.0,2021-03-30,2020-12-31,0.180599,0.040360,0.083529,17426692000.000000,0.877213,430765749000.000000,19870645425.00,2896387275.00
sh.601138,2019,4.0,2020-03-31,2019-12-31,0.230310,0.045525,0.083795,18606048000.000000,0.937111,408100651000.000000,19854831899.00,1838814023.00
sh.601155,2022,4.0,2023-04-01,2022-12-31,0.023467,0.013732,0.200341,1585452714.000000,0.617937,114106700973.000000,2255622856.00,2255622856.00
sh.601155,2021,4.0,2022-03-31,2021-12-31,0.229263,0.081790,0.204453,13759627550.000000,5.574218,166087362620.000000,2260063539.00,2257012839.00
sh.601155,2020,4.0,2021-03-27,2020-12-31,0.342757,0.113186,0.234979,16465726156.000000,6.763110,143013199126.000000,2255737186.00,2249528986.00
sh.601155,2019,4.0,2020-03-28,2019-12-31,0.367205,0.155275,0.326449,13329902604.000000,5.607255,84377191252.000000,2256724186.00,2246355186.00
sh.601166,2022,4.0,2023-03-31,2022-12-31,0.127773,0.415579,,92414000000.000000,4.398570,378208000000.000000,20774252928.00,20774252928.00
sh.601166,2021,4.0,2022-03-25,2021-12-31,0.127230,0.378853,,83816000000.000000,3.979938,391096000000.000000,20774190751.00,19615250551.00
sh.601166,2020,4.0,2021-03-31,2020-12-31,0.115176,0.333179,,67681000000.000000,3.207153,,20774190751.00,19615250551.00
sh.601166,2019,4.0,2020-04-29,2019-12-31,0.130780,0.367893,,66702000000.000000,3.170665,181308000000.000000,20774190751.00,19052336751.00
sh.601169,2022,4.0,2023-04-08,2022-12-31,0.082051,0.376154,,24930000000.000000,1.171074,66276000000.000000,21142984272.00,21142984272.00
sh.601169,2021,4.0,2022-04-30,2021-12-31,0.086437,0.337865,,22392000000.000000,1.051223,66275000000.000000,21142984272.00,21142984272.00
sh.601169,2020,4.0,2021-04-30,2020-12-31,0.100782,0.336646,,21646000000.000000,1.016129,64299000000.000000,21142984272.00,21142984272.00
sh.601169,2019,4.0,2020-04-28,2019-12-31,0.107318,0.342014,,21591000000.000000,1.014095,63129000000.000000,21142984272.00,18248010822.00
sh.601186,2022,4.0,2023-03-31,2022-12-31,0.095274,0.028963,0.100852,31752778000.000000,1.961929,1096312867000.000000,13579541500.00,11503245500.00
sh.601186,2021,4.0,2022-03-31,2021-12-31,0.094403,0.028740,0.095963,29315202000.000000,1.818217,1020010179000.000000,13579541500.00,11503245500.00
sh.601186,2020,4.0,2021-03-31,2020-12-31,0.096468,0.028241,0.092646,25708674000.000000,1.649023,910324763000.000000,13579541500.00,11503245500.00
sh.601186,2019,4.0,2020-03-31,2019-12-31,0.106344,0.027243,0.096438,22623691000.000000,1.487339,830452157000.000000,13579541500.00,11503245500.00
sh.601211,2022,4.0,2023-03-30,2022-12-31,0.075501,0.327622,,11621169188.000000,1.291970,35471284791.000000,8906672636.00,7452523649.00
sh.601211,2021,4.0,2022-03-31,2021-12-31,0.105551,0.357393,,15302541991.000000,1.685308,42817138705.000000,8908449523.00,7427622353.00
sh.601211,2020,4.0,2021-03-26,2020-12-31,0.080931,0.333437,,11737069905.000000,1.248489,35200282406.000000,8908448211.00,7437621031.00
sh.601211,2019,4.0,2020-03-25,2019-12-31,0.066196,0.302223,,9051356047.000000,0.969588,29949311773.000000,8907948159.00,7516120979.00
sh.601216,2022,4.0,2023-04-28,2022-12-31,0.171915,0.198201,0.251550,4253317025.420000,0.492697,21286521639.240000,8438017390.00,8438017390.00
sh.601216,2021,4.0,2022-04-20,2021-12-31,0.208983,0.237602,0.358718,4584511792.710000,0.537576,19137496869.120000,8438017390.00,8438017390.00
sh.601216,2020,4.0,2021-04-27,2020-12-31,0.242716,0.323440,0.314081,4786327969.720000,0.570643,14631542679.650000,8438017390.00,8438017390.00
sh.601216,2019,4.0,2020-04-22,2019-12-31,0.141087,0.251908,0.406448,2466319043.390000,0.295298,9708533012.000000,8438017390.00,8438017390.00
sh.601225,2022,4.0,2023-04-27,2022-12-31,0.373513,0.318191,0.449892,53089468764.260000,3.622789,166847726000.000000,9695000000.00,9695000000.00
sh.601225,2021,4.0,2022-04-28,2021-12-31,0.271687,0.221609,0.358439,33743545631.470000,2.180473,152266423100.000000,9695000000.00,9695000000.00
sh.601225,2020,4.0,2021-04-30,2020-12-31,0.231661,0.208275,0.274592,19757052078.840000,1.488264,94860272300.000000,10000000000.00,10000000000.00
sh.601225,2019,4.0,2020-04-30,2019-12-31,0.213801,0.226589,0.409338,16632432030.090000,1.164340,73403443100.000000,10000000000.00,10000000000.00
sh.601229,2022,4.0,2023-04-28,2022-12-31,0.104539,0.420201,,22317928000.000000,1.568293,53112478000.000000,14206662988.00,13847612270.00
sh.601229,2021,4.0,2022-04-22,2021-12-31,0.111438,0.392680,,22080368000.000000,1.551560,56229904000.000000,14206637093.00,13811675132.00
sh.601229,2020,4.0,2021-04-24,2020-12-31,0.113782,0.412147,,20914871000.000000,1.470103,50746123000.000000,14206528700.00,13703855032.00
sh.601229,2019,4.0,2020-04-25,2019-12-31,0.120109,0.408288,,20332859000.000000,1.428751,49800292000.000000,14206528700.00,13261782279.00
sh.601236,2022,4.0,2023-03-31,2022-12-31,0.001669,0.024598,,20567836.200000,0.008168,836168832.890000,4716787742.00,4716787742.00
sh.601236,2021,4.0,2022-03-31,2021-12-31,0.083580,0.237474,,1599089799.820000,0.334174,6733758206.260000,4716787742.00,2558302465.00
sh.601236,2020,4.0,2021-03-31,2020-12-31,0.101660,0.259895,,1451555670.160000,0.388925,6135193321.590000,3633405396.00,1474920119.00
sh.601236,2019,4.0,2020-03-30,2019-12-31,0.067861,0.410262,,847490458.040000,0.230511,2065728507.800000,3633405396.00,364000000.00
sh.601238,2022,4.0,2023-03-30,2022-12-31,0.079297,0.073152,0.069931,7998052695.000000,0.769340,110006000000.000000,10487163691.00,7324843103.00
sh.601238,2021,4.0,2022-03-31,2021-12-31,0.084029,0.098402,0.079170,7390997670.000000,0.707280,75676000000.000000,10370592825.00,7169871190.00
sh.601238,2020,4.0,2021-03-26,2020-12-31,0.072553,0.096482,0.064708,6051068453.000000,0.576425,63157000000.000000,10349696817.00,7148975182.00
sh.601238,2019,4.0,2020-04-01,2019-12-31,0.084470,0.113299,0.068975,6711145569.000000,0.646389,59233684226.000000,10237707541.00,6084340880.00
sh.601288,2022,4.0,2023-03-31,2022-12-31,0.101963,0.356876,,258688000000.000000,0.740436,724868000000.000000,349983033873.00,299284538234.00
sh.601288,2021,4.0,2022-03-31,2021-12-31,0.104422,0.336062,,241936000000.000000,0.689128,719915000000.000000,349983033873.00,299284538234.00
sh.601288,2020,4.0,2021-03-31,2020-12-31,0.103981,0.328895,,216400000000.000000,0.616958,657961000000.000000,349983033873.00,294055293904.00
sh.601288,2019,4.0,2020-03-31,2019-12-31,0.117225,0.339447,,212924000000.000000,0.606024,627268000000.000000,349983033873.00,294055293904.00
sh.601318,2022,4.0,2023-03-16,2022-12-31,0.100263,0.096736,,107432000000.000000,4.582762,1110568000000.000000,18280241410.00,10832664498.00
sh.601318,2021,4.0,2022-03-18,2021-12-31,0.129042,0.103183,,121802000000.000000,5.558898,1180444000000.000000,18280241410.00,10832664498.00
sh.601318,2020,4.0,2021-02-04,2020-12-31,0.199341,0.130803,,159359000000.000000,7.828069,,18280241410.00,10832664498.00
sh.601318,2019,4.0,2020-02-21,2019-12-31,0.243004,0.140619,,164365000000.000000,8.173142,1168867000000.000000,18280241410.00,10832664498.00
sh.601319,2022,4.0,2023-03-25,2022-12-31,0.110775,0.055286,,34325000000.000000,0.551872,620859000000.000000,44223990583.00,35497756583.00
sh.601319,2021,4.0,2022-03-26,2021-12-31,0.102714,0.051200,,30602000000.000000,0.489282,597691000000.000000,44223990583.00,32508137627.00
sh.601319,2020,4.0,2021-03-24,2020-12-31,0.104166,0.048440,,28274000000.000000,0.453803,583696000000.000000,44223990583.00,5601567019.00
sh.601319,2019,4.0,2020-03-28,2019-12-31,0.133498,0.057055,,31695000000.000000,0.506535,555515000000.000000,44223990583.00,5601567019.00
sh.601328,2022,4.0,2023-03-31,2022-12-31,0.092703,0.337133,,92030000000.000000,1.240851,272978000000.000000,74262726645.00,39250864015.00
sh.601328,2021,4.0,2022-03-26,2021-12-31,0.095651,0.330150,,88939000000.000000,1.179340,269390000000.000000,74262726645.00,39250864015.00
sh.601328,2020,4.0,2021-03-27,2020-12-31,0.094314,0.323193,,79570000000.000000,1.054015,246200000000.000000,74262726645.00,39250864015.00
sh.601328,2019,4.0,2020-03-28,2019-12-31,0.103618,0.335791,,78062000000.000000,1.040643,232472000000.000000,74262726645.00,39250864015.00
sh.601336,2022,4.0,2023-03-31,2022-12-31,0.092932,0.045848,,9826000000.000000,3.148534,214319000000.000000,3119546600.00,2085439340.00
sh.601336,2021,4.0,2022-03-30,2021-12-31,0.142241,0.067232,,14951000000.000000,4.791401,222380000000.000000,3119546600.00,2085439340.00
sh.601336,2020,4.0,2021-03-25,2020-12-31,0.153601,0.069222,,14297000000.000000,4.582076,206538000000.000000,3119546600.00,2085439340.00
sh.601336,2019,4.0,2020-03-26,2019-12-31,0.194071,0.083407,,14560000000.000000,4.667024,174566000000.000000,3119546600.00,2085439340.00
